instrument,pitch,start,end,velocity
4,26,0.03409090909090909,0.30227272727272725,59
4,26,0.3136363636363636,1.15,77
4,26,1.393181818181818,2.0795454545454546,58
4,26,2.090909090909091,2.4272727272727272,83
4,26,2.4272727272727272,2.8795454545454544,93
4,26,3.0318181818181817,3.193181818181818,53
4,26,3.5318181818181817,3.936363636363636,69
4,26,4.088636363636364,4.461363636363636,80
4,26,4.472727272727273,5.088636363636363,79
4,26,5.088636363636363,6.1909090909090905,69
4,22,6.6454545454545455,7.388636363636364,91
4,24,7.7704545454545455,8.202272727272726,69
4,26,8.468181818181817,8.781818181818181,56
4,26,8.793181818181818,9.386363636363637,74
4,26,11.0,11.279545454545454,58
4,26,11.581818181818182,12.047727272727272,62
4,26,13.127272727272727,14.76590909090909,59
4,26,36.08409090909091,36.39772727272727,81
4,26,36.39772727272727,36.68636363636364,81
4,26,36.68636363636364,36.85,90
4,26,36.85,37.14090909090909,89
4,26,37.81590909090909,38.47727272727273,68
4,26,38.48863636363636,38.80227272727272,89
4,26,38.80227272727272,39.324999999999996,84
4,26,40.35909090909091,40.75454545454545,73
4,22,40.72954545454545,41.58863636363636,79
4,24,41.74090909090909,41.92727272727272,63
4,24,41.93863636363636,42.11363636363636,52
4,36,41.99772727272727,42.17045454545455,32
4,24,42.11363636363636,42.554545454545455,66
4,26,42.72954545454545,43.1,73
4,26,43.111363636363635,43.775,78
4,26,44.820454545454545,45.074999999999996,55
4,26,45.086363636363636,45.29545454545455,70
4,26,45.29545454545455,45.79545454545455,96
4,26,46.945454545454545,47.32954545454545,60
4,26,47.340909090909086,47.934090909090905,85
4,59,47.75909090909091,48.07272727272727,41
4,26,48.45681818181818,49.070454545454545,54
4,26,70.52954545454546,71.01590909090909,58
4,26,71.52954545454546,71.66818181818182,48
4,26,72.12045454545454,72.91136363636363,69
4,26,73.12045454545454,73.31590909090909,68
4,26,77.09318181818182,77.41818181818181,58
4,26,77.41818181818181,77.8840909090909,84
4,25,78.2090909090909,78.38181818181818,44
4,26,78.89318181818182,79.52272727272727,66
4,26,79.5340909090909,80.05681818181817,81
4,26,81.29772727272727,81.58863636363635,61
4,26,81.6,82.1,75
4,25,82.23863636363636,82.49545454545454,55
4,26,82.6340909090909,83.6340909090909,69
4,26,103.44090909090909,103.94090909090909,48
4,26,104.32499999999999,105.19545454545454,74
4,26,105.20681818181818,106.3340909090909,67
4,26,106.47272727272727,107.3340909090909,59
4,26,107.34545454545454,107.89090909090909,89
4,22,109.27499999999999,109.87727272727273,77
4,24,110.31818181818181,110.47045454545454,56
4,24,110.48181818181817,110.725,54
4,36,110.59772727272727,110.7840909090909,43
4,24,110.725,111.20227272727273,89
4,26,111.52727272727272,111.71363636363635,82
4,26,111.71363636363635,112.16590909090908,96
4,25,112.36363636363636,112.78181818181818,51
4,26,113.62954545454545,113.80454545454545,88
4,26,113.80454545454545,114.26818181818182,90
4,45,114.45454545454545,114.64090909090909,53
4,26,115.81363636363636,116.44090909090909,78
4,79,116.29090909090908,116.46363636363635,32
4,26,117.46363636363635,117.63863636363635,57
4,26,137.77045454545453,137.96818181818182,70
4,26,137.96818181818182,138.13181818181818,63
4,45,138.12045454545455,138.4090909090909,48
4,26,138.42045454545453,138.66590909090908,57
4,26,138.99090909090907,139.47954545454544,61
4,26,139.49090909090907,139.62954545454545,81
4,45,140.12954545454545,140.35,41
4,26,139.62954545454545,141.62727272727273,53
4,26,141.62727272727273,142.13863636363635,85
4,26,142.8590909090909,143.16136363636363,51
4,26,143.40681818181818,143.63863636363635,52
4,24,144.78863636363636,144.93863636363636,68
4,24,144.93863636363636,145.43863636363636,80
4,26,145.9272727272727,146.34545454545454,69
4,26,147.61136363636362,147.85454545454544,56
4,26,148.075,148.75,53
4,26,148.75,149.2159090909091,63
4,26,151.78181818181818,151.99090909090907,55
4,34,152.35,152.51363636363635,40
4,32,163.37727272727273,164.04999999999998,51
4,32,172.73863636363635,172.8681818181818,47
4,29,175.79545454545453,175.94545454545454,51
4,26,175.92272727272726,176.2022727272727,39
4,28,176.85227272727272,177.12045454545455,67
4,28,177.13181818181818,177.51363636363635,92
4,27,177.7590909090909,178.03636363636363,45
4,27,178.04772727272726,178.3272727272727,99
4,27,178.3272727272727,178.77954545454546,81
